{"min": [-4.131443023681641, -4.881616592407227, 0.0], "max": [5.8632965087890625, 5.091380596160889, 1.0]}