{"min": 1.2731557319511921e-07, "max": 9.780550003051758}